Reference,Pad,PadName,Net,Value,Footprint
C1,1,1,+12V_PROTECTED,100uF_50V_INPUT,teensy-41-can-lin:CP_Radial_D8.0mm_P3.50mm
C1,2,2,GND,100uF_50V_INPUT,teensy-41-can-lin:CP_Radial_D8.0mm_P3.50mm
C2,1,1,+12V_PROTECTED,100nF_50V_INPUT,teensy-41-can-lin:C_0805_2012Metric_Pad1.18x1.45mm_HandSolder
C2,2,2,GND,100nF_50V_INPUT,teensy-41-can-lin:C_0805_2012Metric_Pad1.18x1.45mm_HandSolder
C3,1,1,+5V_REGULATED,330uF_16V_OUTPUT_LOW_ESR,teensy-41-can-lin:CP_Radial_D8.0mm_P3.50mm
C3,2,2,GND,330uF_16V_OUTPUT_LOW_ESR,teensy-41-can-lin:CP_Radial_D8.0mm_P3.50mm
C4,1,1,+5V_REGULATED,100nF_16V_OUTPUT,teensy-41-can-lin:C_0805_2012Metric_Pad1.18x1.45mm_HandSolder
C4,2,2,GND,100nF_16V_OUTPUT,teensy-41-can-lin:C_0805_2012Metric_Pad1.18x1.45mm_HandSolder
C5,1,1,+5V_REGULATED,100nF_CAN_A_VDD_LOCAL,teensy-41-can-lin:C_0805_2012Metric_Pad1.18x1.45mm_HandSolder
C5,2,2,GND,100nF_CAN_A_VDD_LOCAL,teensy-41-can-lin:C_0805_2012Metric_Pad1.18x1.45mm_HandSolder
C6,1,1,+5V_REGULATED,100nF_CAN_B_VDD_LOCAL,teensy-41-can-lin:C_0805_2012Metric_Pad1.18x1.45mm_HandSolder
C6,2,2,GND,100nF_CAN_B_VDD_LOCAL,teensy-41-can-lin:C_0805_2012Metric_Pad1.18x1.45mm_HandSolder
C7,1,1,+12V_PROTECTED,100nF_LIN_VSUP_LOCAL,teensy-41-can-lin:C_0805_2012Metric_Pad1.18x1.45mm_HandSolder
C7,2,2,GND,100nF_LIN_VSUP_LOCAL,teensy-41-can-lin:C_0805_2012Metric_Pad1.18x1.45mm_HandSolder
C8,1,1,CANFD_A_OSC1,22pF_Y1_OSC1,teensy-41-can-lin:C_0805_2012Metric_Pad1.18x1.45mm_HandSolder
C8,2,2,GND,22pF_Y1_OSC1,teensy-41-can-lin:C_0805_2012Metric_Pad1.18x1.45mm_HandSolder
C9,1,1,CANFD_A_OSC2,22pF_Y1_OSC2,teensy-41-can-lin:C_0805_2012Metric_Pad1.18x1.45mm_HandSolder
C9,2,2,GND,22pF_Y1_OSC2,teensy-41-can-lin:C_0805_2012Metric_Pad1.18x1.45mm_HandSolder
C10,1,1,CANFD_B_OSC1,22pF_Y2_OSC1,teensy-41-can-lin:C_0805_2012Metric_Pad1.18x1.45mm_HandSolder
C10,2,2,GND,22pF_Y2_OSC1,teensy-41-can-lin:C_0805_2012Metric_Pad1.18x1.45mm_HandSolder
C11,1,1,CANFD_B_OSC2,22pF_Y2_OSC2,teensy-41-can-lin:C_0805_2012Metric_Pad1.18x1.45mm_HandSolder
C11,2,2,GND,22pF_Y2_OSC2,teensy-41-can-lin:C_0805_2012Metric_Pad1.18x1.45mm_HandSolder
C12,1,1,+3V3,100nF_U6_VDD_LOCAL,teensy-41-can-lin:C_0805_2012Metric_Pad1.18x1.45mm_HandSolder
C12,2,2,GND,100nF_U6_VDD_LOCAL,teensy-41-can-lin:C_0805_2012Metric_Pad1.18x1.45mm_HandSolder
C13,1,1,+3V3,100nF_U7_VDD_LOCAL,teensy-41-can-lin:C_0805_2012Metric_Pad1.18x1.45mm_HandSolder
C13,2,2,GND,100nF_U7_VDD_LOCAL,teensy-41-can-lin:C_0805_2012Metric_Pad1.18x1.45mm_HandSolder
D1,1,1,+12V_PROTECTED,SMBJ24CA_TVS_12V,teensy-41-can-lin:D_SMA
D1,2,2,GND,SMBJ24CA_TVS_12V,teensy-41-can-lin:D_SMA
D2,1,1,BUCK_SW,SS34_BUCK_SCHOTTKY,teensy-41-can-lin:D_SMA
D2,2,2,GND,SS34_BUCK_SCHOTTKY,teensy-41-can-lin:D_SMA
D3,1,1,+12V_PROTECTED,LIN_MASTER_PULLUP_DIODE_DNP,teensy-41-can-lin:D_SMA
D3,2,2,LIN_MASTER_DIODE_OUT,LIN_MASTER_PULLUP_DIODE_DNP,teensy-41-can-lin:D_SMA
D4,1,1,CAN_A_H,ESD_CAN_A_H_TVS_VERIFY,teensy-41-can-lin:D_SMA
D4,2,2,GND,ESD_CAN_A_H_TVS_VERIFY,teensy-41-can-lin:D_SMA
D5,1,1,CAN_A_L,ESD_CAN_A_L_TVS_VERIFY,teensy-41-can-lin:D_SMA
D5,2,2,GND,ESD_CAN_A_L_TVS_VERIFY,teensy-41-can-lin:D_SMA
D6,1,1,CAN_B_H,ESD_CAN_B_H_TVS_VERIFY,teensy-41-can-lin:D_SMA
D6,2,2,GND,ESD_CAN_B_H_TVS_VERIFY,teensy-41-can-lin:D_SMA
D7,1,1,CAN_B_L,ESD_CAN_B_L_TVS_VERIFY,teensy-41-can-lin:D_SMA
D7,2,2,GND,ESD_CAN_B_L_TVS_VERIFY,teensy-41-can-lin:D_SMA
D8,1,1,LIN_BUS,ESD_LIN_K_TVS_VERIFY,teensy-41-can-lin:D_SMA
D8,2,2,GND,ESD_LIN_K_TVS_VERIFY,teensy-41-can-lin:D_SMA
F1,1,1,+12V_OBD,POLYFUSE_500mA,teensy-41-can-lin:Fuse_1206_3216Metric
F1,2,2,+12V_PROTECTED,POLYFUSE_500mA,teensy-41-can-lin:Fuse_1206_3216Metric
J1,1,1,OBD1_SINGLE_WIRE_CANDIDATE,OBD2_PIGTAIL_16_WIRE_SOLDER_PADS,teensy-41-can-lin:OBD2_PigtailPads_Manufacturing
J1,2,2,OBD2_SPARE_PWM_J1850_CANDIDATE,OBD2_PIGTAIL_16_WIRE_SOLDER_PADS,teensy-41-can-lin:OBD2_PigtailPads_Manufacturing
J1,3,3,OBD3_CAN_B_PAIR_A_CANDIDATE,OBD2_PIGTAIL_16_WIRE_SOLDER_PADS,teensy-41-can-lin:OBD2_PigtailPads_Manufacturing
J1,4,4,GND,OBD2_PIGTAIL_16_WIRE_SOLDER_PADS,teensy-41-can-lin:OBD2_PigtailPads_Manufacturing
J1,5,5,GND,OBD2_PIGTAIL_16_WIRE_SOLDER_PADS,teensy-41-can-lin:OBD2_PigtailPads_Manufacturing
J1,6,6,OBD6_CAN_A_PAIR_A,OBD2_PIGTAIL_16_WIRE_SOLDER_PADS,teensy-41-can-lin:OBD2_PigtailPads_Manufacturing
J1,7,7,OBD7_SINGLE_WIRE_CANDIDATE,OBD2_PIGTAIL_16_WIRE_SOLDER_PADS,teensy-41-can-lin:OBD2_PigtailPads_Manufacturing
J1,8,8,OBD8_SINGLE_WIRE_CANDIDATE,OBD2_PIGTAIL_16_WIRE_SOLDER_PADS,teensy-41-can-lin:OBD2_PigtailPads_Manufacturing
J1,9,9,OBD9_SINGLE_WIRE_CANDIDATE,OBD2_PIGTAIL_16_WIRE_SOLDER_PADS,teensy-41-can-lin:OBD2_PigtailPads_Manufacturing
J1,10,10,OBD10_SPARE_PWM_J1850_CANDIDATE,OBD2_PIGTAIL_16_WIRE_SOLDER_PADS,teensy-41-can-lin:OBD2_PigtailPads_Manufacturing
J1,11,11,OBD11_CAN_B_PAIR_B_CANDIDATE,OBD2_PIGTAIL_16_WIRE_SOLDER_PADS,teensy-41-can-lin:OBD2_PigtailPads_Manufacturing
J1,12,12,OBD12_SINGLE_WIRE_CANDIDATE,OBD2_PIGTAIL_16_WIRE_SOLDER_PADS,teensy-41-can-lin:OBD2_PigtailPads_Manufacturing
J1,13,13,OBD13_SINGLE_WIRE_CANDIDATE,OBD2_PIGTAIL_16_WIRE_SOLDER_PADS,teensy-41-can-lin:OBD2_PigtailPads_Manufacturing
J1,14,14,OBD14_CAN_A_PAIR_B,OBD2_PIGTAIL_16_WIRE_SOLDER_PADS,teensy-41-can-lin:OBD2_PigtailPads_Manufacturing
J1,15,15,OBD15_SINGLE_WIRE_CANDIDATE,OBD2_PIGTAIL_16_WIRE_SOLDER_PADS,teensy-41-can-lin:OBD2_PigtailPads_Manufacturing
J1,16,16,+12V_OBD,OBD2_PIGTAIL_16_WIRE_SOLDER_PADS,teensy-41-can-lin:OBD2_PigtailPads_Manufacturing
J2,1,1,CAN_B_H,AUX_HEADER,teensy-41-can-lin:PinHeader_1x08_P2.54mm_Vertical
J2,2,2,CAN_B_L,AUX_HEADER,teensy-41-can-lin:PinHeader_1x08_P2.54mm_Vertical
J2,3,3,AUX_LIN_K_IO,AUX_HEADER,teensy-41-can-lin:PinHeader_1x08_P2.54mm_Vertical
J2,4,4,GND,AUX_HEADER,teensy-41-can-lin:PinHeader_1x08_P2.54mm_Vertical
J2,5,5,+5V_REGULATED,AUX_HEADER,teensy-41-can-lin:PinHeader_1x08_P2.54mm_Vertical
J2,6,6,+12V_PROTECTED,AUX_HEADER,teensy-41-can-lin:PinHeader_1x08_P2.54mm_Vertical
J2,7,7,CAN_A_H,AUX_HEADER,teensy-41-can-lin:PinHeader_1x08_P2.54mm_Vertical
J2,8,8,CAN_A_L,AUX_HEADER,teensy-41-can-lin:PinHeader_1x08_P2.54mm_Vertical
JP1,1,1,LIN_MASTER_DIODE_OUT,LIN_MASTER_ENABLE_OPEN_0R_DNP,teensy-41-can-lin:R_0805_2012Metric_Pad1.20x1.40mm_HandSolder
JP1,2,2,LIN_MASTER_ENABLE,LIN_MASTER_ENABLE_OPEN_0R_DNP,teensy-41-can-lin:R_0805_2012Metric_Pad1.20x1.40mm_HandSolder
L1,1,1,BUCK_SW,33uH_3A_BUCK_INDUCTOR,teensy-41-can-lin:L_Radial_D8.7mm_P5.00mm_Fastron_07HCP
L1,2,2,+5V_REGULATED,33uH_3A_BUCK_INDUCTOR,teensy-41-can-lin:L_Radial_D8.7mm_P5.00mm_Fastron_07HCP
MH1,,,,M3,teensy-41-can-lin:MountingHole_3.2mm_M3
MH2,,,,M3,teensy-41-can-lin:MountingHole_3.2mm_M3
MH3,,,,M3,teensy-41-can-lin:MountingHole_3.2mm_M3
MH4,,,,M3,teensy-41-can-lin:MountingHole_3.2mm_M3
R1,1,1,LIN_RX,10k_LIN_RX_PULLUP,teensy-41-can-lin:R_0805_2012Metric_Pad1.20x1.40mm_HandSolder
R1,2,2,+3V3,10k_LIN_RX_PULLUP,teensy-41-can-lin:R_0805_2012Metric_Pad1.20x1.40mm_HandSolder
R11,1,1,LIN_EN,100k_LIN_EN_PULLDOWN,teensy-41-can-lin:R_0805_2012Metric_Pad1.20x1.40mm_HandSolder
R11,2,2,GND,100k_LIN_EN_PULLDOWN,teensy-41-can-lin:R_0805_2012Metric_Pad1.20x1.40mm_HandSolder
R12,1,1,CANFD_A_XSTBY,10k_CAN_A_STBY_PULLUP,teensy-41-can-lin:R_0805_2012Metric_Pad1.20x1.40mm_HandSolder
R12,2,2,+3V3,10k_CAN_A_STBY_PULLUP,teensy-41-can-lin:R_0805_2012Metric_Pad1.20x1.40mm_HandSolder
R13,1,1,CANFD_B_XSTBY,10k_CAN_B_STBY_PULLUP,teensy-41-can-lin:R_0805_2012Metric_Pad1.20x1.40mm_HandSolder
R13,2,2,+3V3,10k_CAN_B_STBY_PULLUP,teensy-41-can-lin:R_0805_2012Metric_Pad1.20x1.40mm_HandSolder
R14,1,1,CANFD_A_NCS,10k_CANFD_A_NCS_PULLUP,teensy-41-can-lin:R_0805_2012Metric_Pad1.20x1.40mm_HandSolder
R14,2,2,+3V3,10k_CANFD_A_NCS_PULLUP,teensy-41-can-lin:R_0805_2012Metric_Pad1.20x1.40mm_HandSolder
R15,1,1,CANFD_B_NCS,10k_CANFD_B_NCS_PULLUP,teensy-41-can-lin:R_0805_2012Metric_Pad1.20x1.40mm_HandSolder
R15,2,2,+3V3,10k_CANFD_B_NCS_PULLUP,teensy-41-can-lin:R_0805_2012Metric_Pad1.20x1.40mm_HandSolder
R16,1,1,LIN_MASTER_ENABLE,1k_LIN_MASTER_PULLUP_DNP,teensy-41-can-lin:R_0805_2012Metric_Pad1.20x1.40mm_HandSolder
R16,2,2,LIN_BUS,1k_LIN_MASTER_PULLUP_DNP,teensy-41-can-lin:R_0805_2012Metric_Pad1.20x1.40mm_HandSolder
SR1,,,,CABLE_STRAIN_RELIEF,teensy-41-can-lin:MountingHole_3.2mm_M3
SR2,,,,CABLE_STRAIN_RELIEF,teensy-41-can-lin:MountingHole_3.2mm_M3
SW1,1,1,OBD6_CAN_A_PAIR_A,CAN_NORMAL_CROSS_DIP_8POS,teensy-41-can-lin:SW_DIP_SPSTx08_Slide_9.78x22.5mm_W7.62mm_P2.54mm
SW1,2,2,OBD14_CAN_A_PAIR_B,CAN_NORMAL_CROSS_DIP_8POS,teensy-41-can-lin:SW_DIP_SPSTx08_Slide_9.78x22.5mm_W7.62mm_P2.54mm
SW1,3,3,OBD6_CAN_A_PAIR_A,CAN_NORMAL_CROSS_DIP_8POS,teensy-41-can-lin:SW_DIP_SPSTx08_Slide_9.78x22.5mm_W7.62mm_P2.54mm
SW1,4,4,OBD14_CAN_A_PAIR_B,CAN_NORMAL_CROSS_DIP_8POS,teensy-41-can-lin:SW_DIP_SPSTx08_Slide_9.78x22.5mm_W7.62mm_P2.54mm
SW1,5,5,OBD3_CAN_B_PAIR_A_CANDIDATE,CAN_NORMAL_CROSS_DIP_8POS,teensy-41-can-lin:SW_DIP_SPSTx08_Slide_9.78x22.5mm_W7.62mm_P2.54mm
SW1,6,6,OBD11_CAN_B_PAIR_B_CANDIDATE,CAN_NORMAL_CROSS_DIP_8POS,teensy-41-can-lin:SW_DIP_SPSTx08_Slide_9.78x22.5mm_W7.62mm_P2.54mm
SW1,7,7,OBD3_CAN_B_PAIR_A_CANDIDATE,CAN_NORMAL_CROSS_DIP_8POS,teensy-41-can-lin:SW_DIP_SPSTx08_Slide_9.78x22.5mm_W7.62mm_P2.54mm
SW1,8,8,OBD11_CAN_B_PAIR_B_CANDIDATE,CAN_NORMAL_CROSS_DIP_8POS,teensy-41-can-lin:SW_DIP_SPSTx08_Slide_9.78x22.5mm_W7.62mm_P2.54mm
SW1,9,9,CAN_B_H,CAN_NORMAL_CROSS_DIP_8POS,teensy-41-can-lin:SW_DIP_SPSTx08_Slide_9.78x22.5mm_W7.62mm_P2.54mm
SW1,10,10,CAN_B_L,CAN_NORMAL_CROSS_DIP_8POS,teensy-41-can-lin:SW_DIP_SPSTx08_Slide_9.78x22.5mm_W7.62mm_P2.54mm
SW1,11,11,CAN_B_L,CAN_NORMAL_CROSS_DIP_8POS,teensy-41-can-lin:SW_DIP_SPSTx08_Slide_9.78x22.5mm_W7.62mm_P2.54mm
SW1,12,12,CAN_B_H,CAN_NORMAL_CROSS_DIP_8POS,teensy-41-can-lin:SW_DIP_SPSTx08_Slide_9.78x22.5mm_W7.62mm_P2.54mm
SW1,13,13,CAN_A_H,CAN_NORMAL_CROSS_DIP_8POS,teensy-41-can-lin:SW_DIP_SPSTx08_Slide_9.78x22.5mm_W7.62mm_P2.54mm
SW1,14,14,CAN_A_L,CAN_NORMAL_CROSS_DIP_8POS,teensy-41-can-lin:SW_DIP_SPSTx08_Slide_9.78x22.5mm_W7.62mm_P2.54mm
SW1,15,15,CAN_A_L,CAN_NORMAL_CROSS_DIP_8POS,teensy-41-can-lin:SW_DIP_SPSTx08_Slide_9.78x22.5mm_W7.62mm_P2.54mm
SW1,16,16,CAN_A_H,CAN_NORMAL_CROSS_DIP_8POS,teensy-41-can-lin:SW_DIP_SPSTx08_Slide_9.78x22.5mm_W7.62mm_P2.54mm
SW2,1,1,OBD7_SINGLE_WIRE_CANDIDATE,LIN_K_SOURCE_DIP_8POS_SELECT_ONE,teensy-41-can-lin:SW_DIP_SPSTx08_Slide_9.78x22.5mm_W7.62mm_P2.54mm
SW2,2,2,OBD15_SINGLE_WIRE_CANDIDATE,LIN_K_SOURCE_DIP_8POS_SELECT_ONE,teensy-41-can-lin:SW_DIP_SPSTx08_Slide_9.78x22.5mm_W7.62mm_P2.54mm
SW2,3,3,OBD1_SINGLE_WIRE_CANDIDATE,LIN_K_SOURCE_DIP_8POS_SELECT_ONE,teensy-41-can-lin:SW_DIP_SPSTx08_Slide_9.78x22.5mm_W7.62mm_P2.54mm
SW2,4,4,OBD8_SINGLE_WIRE_CANDIDATE,LIN_K_SOURCE_DIP_8POS_SELECT_ONE,teensy-41-can-lin:SW_DIP_SPSTx08_Slide_9.78x22.5mm_W7.62mm_P2.54mm
SW2,5,5,OBD9_SINGLE_WIRE_CANDIDATE,LIN_K_SOURCE_DIP_8POS_SELECT_ONE,teensy-41-can-lin:SW_DIP_SPSTx08_Slide_9.78x22.5mm_W7.62mm_P2.54mm
SW2,6,6,OBD12_SINGLE_WIRE_CANDIDATE,LIN_K_SOURCE_DIP_8POS_SELECT_ONE,teensy-41-can-lin:SW_DIP_SPSTx08_Slide_9.78x22.5mm_W7.62mm_P2.54mm
SW2,7,7,OBD13_SINGLE_WIRE_CANDIDATE,LIN_K_SOURCE_DIP_8POS_SELECT_ONE,teensy-41-can-lin:SW_DIP_SPSTx08_Slide_9.78x22.5mm_W7.62mm_P2.54mm
SW2,8,8,AUX_LIN_K_IO,LIN_K_SOURCE_DIP_8POS_SELECT_ONE,teensy-41-can-lin:SW_DIP_SPSTx08_Slide_9.78x22.5mm_W7.62mm_P2.54mm
SW2,9,9,LIN_BUS,LIN_K_SOURCE_DIP_8POS_SELECT_ONE,teensy-41-can-lin:SW_DIP_SPSTx08_Slide_9.78x22.5mm_W7.62mm_P2.54mm
SW2,10,10,LIN_BUS,LIN_K_SOURCE_DIP_8POS_SELECT_ONE,teensy-41-can-lin:SW_DIP_SPSTx08_Slide_9.78x22.5mm_W7.62mm_P2.54mm
SW2,11,11,LIN_BUS,LIN_K_SOURCE_DIP_8POS_SELECT_ONE,teensy-41-can-lin:SW_DIP_SPSTx08_Slide_9.78x22.5mm_W7.62mm_P2.54mm
SW2,12,12,LIN_BUS,LIN_K_SOURCE_DIP_8POS_SELECT_ONE,teensy-41-can-lin:SW_DIP_SPSTx08_Slide_9.78x22.5mm_W7.62mm_P2.54mm
SW2,13,13,LIN_BUS,LIN_K_SOURCE_DIP_8POS_SELECT_ONE,teensy-41-can-lin:SW_DIP_SPSTx08_Slide_9.78x22.5mm_W7.62mm_P2.54mm
SW2,14,14,LIN_BUS,LIN_K_SOURCE_DIP_8POS_SELECT_ONE,teensy-41-can-lin:SW_DIP_SPSTx08_Slide_9.78x22.5mm_W7.62mm_P2.54mm
SW2,15,15,LIN_BUS,LIN_K_SOURCE_DIP_8POS_SELECT_ONE,teensy-41-can-lin:SW_DIP_SPSTx08_Slide_9.78x22.5mm_W7.62mm_P2.54mm
SW2,16,16,LIN_BUS,LIN_K_SOURCE_DIP_8POS_SELECT_ONE,teensy-41-can-lin:SW_DIP_SPSTx08_Slide_9.78x22.5mm_W7.62mm_P2.54mm
TP1,1,1,+12V_OBD,12V,teensy-41-can-lin:TestPoint_Pad_D1.5mm
TP2,1,1,+5V_REGULATED,5V,teensy-41-can-lin:TestPoint_Pad_D1.5mm
TP3,1,1,GND,GND,teensy-41-can-lin:TestPoint_Pad_D1.5mm
TP4,1,1,CAN_A_H,CAN_A_H,teensy-41-can-lin:TestPoint_Pad_D1.5mm
TP5,1,1,CAN_A_L,CAN_A_L,teensy-41-can-lin:TestPoint_Pad_D1.5mm
TP6,1,1,CAN_B_H,CAN_B_H,teensy-41-can-lin:TestPoint_Pad_D1.5mm
TP7,1,1,CAN_B_L,CAN_B_L,teensy-41-can-lin:TestPoint_Pad_D1.5mm
TP8,1,1,LIN_BUS,LIN_BUS,teensy-41-can-lin:TestPoint_Pad_D1.5mm
TP9,1,1,AUX_LIN_K_IO,AUX_LIN_K,teensy-41-can-lin:TestPoint_Pad_D1.5mm
U1,0,0,,TEENSY_4.1_MAIN_HEADERS_PJRC_AUDITED,teensy-41-can-lin:Teensy_4.1_MainHeaders_PJRC_Audited
U1,1,1,,TEENSY_4.1_MAIN_HEADERS_PJRC_AUDITED,teensy-41-can-lin:Teensy_4.1_MainHeaders_PJRC_Audited
U1,2,2,CANFD_A_INT,TEENSY_4.1_MAIN_HEADERS_PJRC_AUDITED,teensy-41-can-lin:Teensy_4.1_MainHeaders_PJRC_Audited
U1,3,3,CANFD_B_INT,TEENSY_4.1_MAIN_HEADERS_PJRC_AUDITED,teensy-41-can-lin:Teensy_4.1_MainHeaders_PJRC_Audited
U1,3V3_B,3V3_B,+3V3,TEENSY_4.1_MAIN_HEADERS_PJRC_AUDITED,teensy-41-can-lin:Teensy_4.1_MainHeaders_PJRC_Audited
U1,4,4,,TEENSY_4.1_MAIN_HEADERS_PJRC_AUDITED,teensy-41-can-lin:Teensy_4.1_MainHeaders_PJRC_Audited
U1,5,5,,TEENSY_4.1_MAIN_HEADERS_PJRC_AUDITED,teensy-41-can-lin:Teensy_4.1_MainHeaders_PJRC_Audited
U1,6,6,LIN_EN,TEENSY_4.1_MAIN_HEADERS_PJRC_AUDITED,teensy-41-can-lin:Teensy_4.1_MainHeaders_PJRC_Audited
U1,7,7,LIN_RX,TEENSY_4.1_MAIN_HEADERS_PJRC_AUDITED,teensy-41-can-lin:Teensy_4.1_MainHeaders_PJRC_Audited
U1,8,8,LIN_TX,TEENSY_4.1_MAIN_HEADERS_PJRC_AUDITED,teensy-41-can-lin:Teensy_4.1_MainHeaders_PJRC_Audited
U1,9,9,CANFD_B_NCS,TEENSY_4.1_MAIN_HEADERS_PJRC_AUDITED,teensy-41-can-lin:Teensy_4.1_MainHeaders_PJRC_Audited
U1,10,10,CANFD_A_NCS,TEENSY_4.1_MAIN_HEADERS_PJRC_AUDITED,teensy-41-can-lin:Teensy_4.1_MainHeaders_PJRC_Audited
U1,11,11,CANFD_SPI_SDI_MOSI,TEENSY_4.1_MAIN_HEADERS_PJRC_AUDITED,teensy-41-can-lin:Teensy_4.1_MainHeaders_PJRC_Audited
U1,12,12,CANFD_SPI_SDO_MISO,TEENSY_4.1_MAIN_HEADERS_PJRC_AUDITED,teensy-41-can-lin:Teensy_4.1_MainHeaders_PJRC_Audited
U1,13,13,CANFD_SPI_SCK,TEENSY_4.1_MAIN_HEADERS_PJRC_AUDITED,teensy-41-can-lin:Teensy_4.1_MainHeaders_PJRC_Audited
U1,14,14,,TEENSY_4.1_MAIN_HEADERS_PJRC_AUDITED,teensy-41-can-lin:Teensy_4.1_MainHeaders_PJRC_Audited
U1,15,15,,TEENSY_4.1_MAIN_HEADERS_PJRC_AUDITED,teensy-41-can-lin:Teensy_4.1_MainHeaders_PJRC_Audited
U1,16,16,,TEENSY_4.1_MAIN_HEADERS_PJRC_AUDITED,teensy-41-can-lin:Teensy_4.1_MainHeaders_PJRC_Audited
U1,17,17,,TEENSY_4.1_MAIN_HEADERS_PJRC_AUDITED,teensy-41-can-lin:Teensy_4.1_MainHeaders_PJRC_Audited
U1,18,18,,TEENSY_4.1_MAIN_HEADERS_PJRC_AUDITED,teensy-41-can-lin:Teensy_4.1_MainHeaders_PJRC_Audited
U1,19,19,,TEENSY_4.1_MAIN_HEADERS_PJRC_AUDITED,teensy-41-can-lin:Teensy_4.1_MainHeaders_PJRC_Audited
U1,20,20,,TEENSY_4.1_MAIN_HEADERS_PJRC_AUDITED,teensy-41-can-lin:Teensy_4.1_MainHeaders_PJRC_Audited
U1,21,21,,TEENSY_4.1_MAIN_HEADERS_PJRC_AUDITED,teensy-41-can-lin:Teensy_4.1_MainHeaders_PJRC_Audited
U1,22,22,,TEENSY_4.1_MAIN_HEADERS_PJRC_AUDITED,teensy-41-can-lin:Teensy_4.1_MainHeaders_PJRC_Audited
U1,23,23,,TEENSY_4.1_MAIN_HEADERS_PJRC_AUDITED,teensy-41-can-lin:Teensy_4.1_MainHeaders_PJRC_Audited
U1,24,24,,TEENSY_4.1_MAIN_HEADERS_PJRC_AUDITED,teensy-41-can-lin:Teensy_4.1_MainHeaders_PJRC_Audited
U1,25,25,,TEENSY_4.1_MAIN_HEADERS_PJRC_AUDITED,teensy-41-can-lin:Teensy_4.1_MainHeaders_PJRC_Audited
U1,26,26,,TEENSY_4.1_MAIN_HEADERS_PJRC_AUDITED,teensy-41-can-lin:Teensy_4.1_MainHeaders_PJRC_Audited
U1,27,27,,TEENSY_4.1_MAIN_HEADERS_PJRC_AUDITED,teensy-41-can-lin:Teensy_4.1_MainHeaders_PJRC_Audited
U1,28,28,,TEENSY_4.1_MAIN_HEADERS_PJRC_AUDITED,teensy-41-can-lin:Teensy_4.1_MainHeaders_PJRC_Audited
U1,29,29,,TEENSY_4.1_MAIN_HEADERS_PJRC_AUDITED,teensy-41-can-lin:Teensy_4.1_MainHeaders_PJRC_Audited
U1,30,30,,TEENSY_4.1_MAIN_HEADERS_PJRC_AUDITED,teensy-41-can-lin:Teensy_4.1_MainHeaders_PJRC_Audited
U1,31,31,,TEENSY_4.1_MAIN_HEADERS_PJRC_AUDITED,teensy-41-can-lin:Teensy_4.1_MainHeaders_PJRC_Audited
U1,32,32,,TEENSY_4.1_MAIN_HEADERS_PJRC_AUDITED,teensy-41-can-lin:Teensy_4.1_MainHeaders_PJRC_Audited
U1,33,33,,TEENSY_4.1_MAIN_HEADERS_PJRC_AUDITED,teensy-41-can-lin:Teensy_4.1_MainHeaders_PJRC_Audited
U1,34,34,,TEENSY_4.1_MAIN_HEADERS_PJRC_AUDITED,teensy-41-can-lin:Teensy_4.1_MainHeaders_PJRC_Audited
U1,35,35,,TEENSY_4.1_MAIN_HEADERS_PJRC_AUDITED,teensy-41-can-lin:Teensy_4.1_MainHeaders_PJRC_Audited
U1,36,36,,TEENSY_4.1_MAIN_HEADERS_PJRC_AUDITED,teensy-41-can-lin:Teensy_4.1_MainHeaders_PJRC_Audited
U1,37,37,,TEENSY_4.1_MAIN_HEADERS_PJRC_AUDITED,teensy-41-can-lin:Teensy_4.1_MainHeaders_PJRC_Audited
U1,38,38,,TEENSY_4.1_MAIN_HEADERS_PJRC_AUDITED,teensy-41-can-lin:Teensy_4.1_MainHeaders_PJRC_Audited
U1,39,39,,TEENSY_4.1_MAIN_HEADERS_PJRC_AUDITED,teensy-41-can-lin:Teensy_4.1_MainHeaders_PJRC_Audited
U1,40,40,,TEENSY_4.1_MAIN_HEADERS_PJRC_AUDITED,teensy-41-can-lin:Teensy_4.1_MainHeaders_PJRC_Audited
U1,41,41,,TEENSY_4.1_MAIN_HEADERS_PJRC_AUDITED,teensy-41-can-lin:Teensy_4.1_MainHeaders_PJRC_Audited
U1,GND_B1,GND_B1,GND,TEENSY_4.1_MAIN_HEADERS_PJRC_AUDITED,teensy-41-can-lin:Teensy_4.1_MainHeaders_PJRC_Audited
U1,GND_T1,GND_T1,GND,TEENSY_4.1_MAIN_HEADERS_PJRC_AUDITED,teensy-41-can-lin:Teensy_4.1_MainHeaders_PJRC_Audited
U1,GND_T2,GND_T2,GND,TEENSY_4.1_MAIN_HEADERS_PJRC_AUDITED,teensy-41-can-lin:Teensy_4.1_MainHeaders_PJRC_Audited
U1,VIN,VIN,+5V_REGULATED,TEENSY_4.1_MAIN_HEADERS_PJRC_AUDITED,teensy-41-can-lin:Teensy_4.1_MainHeaders_PJRC_Audited
U2,1,1,CANFD_A_TXCAN,MCP2562FD_CAN_A_3V3_IO,teensy-41-can-lin:SOIC-8_3.9x4.9mm_P1.27mm
U2,2,2,GND,MCP2562FD_CAN_A_3V3_IO,teensy-41-can-lin:SOIC-8_3.9x4.9mm_P1.27mm
U2,3,3,+5V_REGULATED,MCP2562FD_CAN_A_3V3_IO,teensy-41-can-lin:SOIC-8_3.9x4.9mm_P1.27mm
U2,4,4,CANFD_A_RXCAN,MCP2562FD_CAN_A_3V3_IO,teensy-41-can-lin:SOIC-8_3.9x4.9mm_P1.27mm
U2,5,5,+3V3,MCP2562FD_CAN_A_3V3_IO,teensy-41-can-lin:SOIC-8_3.9x4.9mm_P1.27mm
U2,6,6,CAN_A_L,MCP2562FD_CAN_A_3V3_IO,teensy-41-can-lin:SOIC-8_3.9x4.9mm_P1.27mm
U2,7,7,CAN_A_H,MCP2562FD_CAN_A_3V3_IO,teensy-41-can-lin:SOIC-8_3.9x4.9mm_P1.27mm
U2,8,8,CANFD_A_XSTBY,MCP2562FD_CAN_A_3V3_IO,teensy-41-can-lin:SOIC-8_3.9x4.9mm_P1.27mm
U3,1,1,CANFD_B_TXCAN,MCP2562FD_CAN_B_3V3_IO,teensy-41-can-lin:SOIC-8_3.9x4.9mm_P1.27mm
U3,2,2,GND,MCP2562FD_CAN_B_3V3_IO,teensy-41-can-lin:SOIC-8_3.9x4.9mm_P1.27mm
U3,3,3,+5V_REGULATED,MCP2562FD_CAN_B_3V3_IO,teensy-41-can-lin:SOIC-8_3.9x4.9mm_P1.27mm
U3,4,4,CANFD_B_RXCAN,MCP2562FD_CAN_B_3V3_IO,teensy-41-can-lin:SOIC-8_3.9x4.9mm_P1.27mm
U3,5,5,+3V3,MCP2562FD_CAN_B_3V3_IO,teensy-41-can-lin:SOIC-8_3.9x4.9mm_P1.27mm
U3,6,6,CAN_B_L,MCP2562FD_CAN_B_3V3_IO,teensy-41-can-lin:SOIC-8_3.9x4.9mm_P1.27mm
U3,7,7,CAN_B_H,MCP2562FD_CAN_B_3V3_IO,teensy-41-can-lin:SOIC-8_3.9x4.9mm_P1.27mm
U3,8,8,CANFD_B_XSTBY,MCP2562FD_CAN_B_3V3_IO,teensy-41-can-lin:SOIC-8_3.9x4.9mm_P1.27mm
U4,1,1,LIN_RX,TLIN1029DRQ1_LIN_3V3_LOGIC,teensy-41-can-lin:SOIC-8_3.9x4.9mm_P1.27mm
U4,2,2,LIN_EN,TLIN1029DRQ1_LIN_3V3_LOGIC,teensy-41-can-lin:SOIC-8_3.9x4.9mm_P1.27mm
U4,3,3,,TLIN1029DRQ1_LIN_3V3_LOGIC,teensy-41-can-lin:SOIC-8_3.9x4.9mm_P1.27mm
U4,4,4,LIN_TX,TLIN1029DRQ1_LIN_3V3_LOGIC,teensy-41-can-lin:SOIC-8_3.9x4.9mm_P1.27mm
U4,5,5,GND,TLIN1029DRQ1_LIN_3V3_LOGIC,teensy-41-can-lin:SOIC-8_3.9x4.9mm_P1.27mm
U4,6,6,LIN_BUS,TLIN1029DRQ1_LIN_3V3_LOGIC,teensy-41-can-lin:SOIC-8_3.9x4.9mm_P1.27mm
U4,7,7,+12V_PROTECTED,TLIN1029DRQ1_LIN_3V3_LOGIC,teensy-41-can-lin:SOIC-8_3.9x4.9mm_P1.27mm
U4,8,8,,TLIN1029DRQ1_LIN_3V3_LOGIC,teensy-41-can-lin:SOIC-8_3.9x4.9mm_P1.27mm
U5,,,,LM2596S-5.0_BUCK,teensy-41-can-lin:TO-263-5_TabPin3
U5,,,,LM2596S-5.0_BUCK,teensy-41-can-lin:TO-263-5_TabPin3
U5,,,,LM2596S-5.0_BUCK,teensy-41-can-lin:TO-263-5_TabPin3
U5,,,,LM2596S-5.0_BUCK,teensy-41-can-lin:TO-263-5_TabPin3
U5,1,1,+12V_PROTECTED,LM2596S-5.0_BUCK,teensy-41-can-lin:TO-263-5_TabPin3
U5,2,2,BUCK_SW,LM2596S-5.0_BUCK,teensy-41-can-lin:TO-263-5_TabPin3
U5,3,3,GND,LM2596S-5.0_BUCK,teensy-41-can-lin:TO-263-5_TabPin3
U5,3,3,GND,LM2596S-5.0_BUCK,teensy-41-can-lin:TO-263-5_TabPin3
U5,4,4,+5V_REGULATED,LM2596S-5.0_BUCK,teensy-41-can-lin:TO-263-5_TabPin3
U5,5,5,GND,LM2596S-5.0_BUCK,teensy-41-can-lin:TO-263-5_TabPin3
U6,1,1,CANFD_A_TXCAN,MCP2518FD_A_SOIC14,teensy-41-can-lin:SOIC-14_3.9x8.7mm_P1.27mm
U6,2,2,CANFD_A_RXCAN,MCP2518FD_A_SOIC14,teensy-41-can-lin:SOIC-14_3.9x8.7mm_P1.27mm
U6,3,3,,MCP2518FD_A_SOIC14,teensy-41-can-lin:SOIC-14_3.9x8.7mm_P1.27mm
U6,4,4,CANFD_A_INT,MCP2518FD_A_SOIC14,teensy-41-can-lin:SOIC-14_3.9x8.7mm_P1.27mm
U6,5,5,CANFD_A_OSC2,MCP2518FD_A_SOIC14,teensy-41-can-lin:SOIC-14_3.9x8.7mm_P1.27mm
U6,6,6,CANFD_A_OSC1,MCP2518FD_A_SOIC14,teensy-41-can-lin:SOIC-14_3.9x8.7mm_P1.27mm
U6,7,7,GND,MCP2518FD_A_SOIC14,teensy-41-can-lin:SOIC-14_3.9x8.7mm_P1.27mm
U6,8,8,,MCP2518FD_A_SOIC14,teensy-41-can-lin:SOIC-14_3.9x8.7mm_P1.27mm
U6,9,9,CANFD_A_XSTBY,MCP2518FD_A_SOIC14,teensy-41-can-lin:SOIC-14_3.9x8.7mm_P1.27mm
U6,10,10,CANFD_SPI_SCK,MCP2518FD_A_SOIC14,teensy-41-can-lin:SOIC-14_3.9x8.7mm_P1.27mm
U6,11,11,CANFD_SPI_SDI_MOSI,MCP2518FD_A_SOIC14,teensy-41-can-lin:SOIC-14_3.9x8.7mm_P1.27mm
U6,12,12,CANFD_SPI_SDO_MISO,MCP2518FD_A_SOIC14,teensy-41-can-lin:SOIC-14_3.9x8.7mm_P1.27mm
U6,13,13,CANFD_A_NCS,MCP2518FD_A_SOIC14,teensy-41-can-lin:SOIC-14_3.9x8.7mm_P1.27mm
U6,14,14,+3V3,MCP2518FD_A_SOIC14,teensy-41-can-lin:SOIC-14_3.9x8.7mm_P1.27mm
U7,1,1,CANFD_B_TXCAN,MCP2518FD_B_SOIC14,teensy-41-can-lin:SOIC-14_3.9x8.7mm_P1.27mm
U7,2,2,CANFD_B_RXCAN,MCP2518FD_B_SOIC14,teensy-41-can-lin:SOIC-14_3.9x8.7mm_P1.27mm
U7,3,3,,MCP2518FD_B_SOIC14,teensy-41-can-lin:SOIC-14_3.9x8.7mm_P1.27mm
U7,4,4,CANFD_B_INT,MCP2518FD_B_SOIC14,teensy-41-can-lin:SOIC-14_3.9x8.7mm_P1.27mm
U7,5,5,CANFD_B_OSC2,MCP2518FD_B_SOIC14,teensy-41-can-lin:SOIC-14_3.9x8.7mm_P1.27mm
U7,6,6,CANFD_B_OSC1,MCP2518FD_B_SOIC14,teensy-41-can-lin:SOIC-14_3.9x8.7mm_P1.27mm
U7,7,7,GND,MCP2518FD_B_SOIC14,teensy-41-can-lin:SOIC-14_3.9x8.7mm_P1.27mm
U7,8,8,,MCP2518FD_B_SOIC14,teensy-41-can-lin:SOIC-14_3.9x8.7mm_P1.27mm
U7,9,9,CANFD_B_XSTBY,MCP2518FD_B_SOIC14,teensy-41-can-lin:SOIC-14_3.9x8.7mm_P1.27mm
U7,10,10,CANFD_SPI_SCK,MCP2518FD_B_SOIC14,teensy-41-can-lin:SOIC-14_3.9x8.7mm_P1.27mm
U7,11,11,CANFD_SPI_SDI_MOSI,MCP2518FD_B_SOIC14,teensy-41-can-lin:SOIC-14_3.9x8.7mm_P1.27mm
U7,12,12,CANFD_SPI_SDO_MISO,MCP2518FD_B_SOIC14,teensy-41-can-lin:SOIC-14_3.9x8.7mm_P1.27mm
U7,13,13,CANFD_B_NCS,MCP2518FD_B_SOIC14,teensy-41-can-lin:SOIC-14_3.9x8.7mm_P1.27mm
U7,14,14,+3V3,MCP2518FD_B_SOIC14,teensy-41-can-lin:SOIC-14_3.9x8.7mm_P1.27mm
Y1,1,1,CANFD_A_OSC1,40MHz_3225_VERIFY_CL,teensy-41-can-lin:Crystal_SMD_3225-4Pin_3.2x2.5mm_HandSoldering
Y1,2,2,GND,40MHz_3225_VERIFY_CL,teensy-41-can-lin:Crystal_SMD_3225-4Pin_3.2x2.5mm_HandSoldering
Y1,3,3,CANFD_A_OSC2,40MHz_3225_VERIFY_CL,teensy-41-can-lin:Crystal_SMD_3225-4Pin_3.2x2.5mm_HandSoldering
Y1,4,4,GND,40MHz_3225_VERIFY_CL,teensy-41-can-lin:Crystal_SMD_3225-4Pin_3.2x2.5mm_HandSoldering
Y2,1,1,CANFD_B_OSC1,40MHz_3225_VERIFY_CL,teensy-41-can-lin:Crystal_SMD_3225-4Pin_3.2x2.5mm_HandSoldering
Y2,2,2,GND,40MHz_3225_VERIFY_CL,teensy-41-can-lin:Crystal_SMD_3225-4Pin_3.2x2.5mm_HandSoldering
Y2,3,3,CANFD_B_OSC2,40MHz_3225_VERIFY_CL,teensy-41-can-lin:Crystal_SMD_3225-4Pin_3.2x2.5mm_HandSoldering
Y2,4,4,GND,40MHz_3225_VERIFY_CL,teensy-41-can-lin:Crystal_SMD_3225-4Pin_3.2x2.5mm_HandSoldering
